commune_code,commune_name,gender,party_code,list_name,votes,elected,P22_POP,MED21,TP6021,pct_female,pct_male,pct_age_0_14,pct_age_15_29,pct_age_30_44,pct_age_45_59,pct_age_60_74,pct_age_75_plus,pct_edu_vocational,pct_edu_bac,pct_edu_higher,pct_unemployed,city,year,tour,last_name,first_name,P16_POP
13055SR01,Marseille Secteur 1,F,LEXG,LISTE D'UNITE ET DE RESISTANCE contre la politique du gouvernement et de l'union europ�enne - SOUTENU PAR LE POI,84,False,,,,52.58,47.42,18.4,19.4,19.38,18.69,14.56,9.57,19.16,16.4,31.45,18.32,Marseille,2014,1,RAYNAUD,Corinne,862211.0
13055SR01,Marseille Secteur 1,M,LFG,"MARSEILLE A GAUCHE, L'HUMAIN D'ABORD DANS NOTRE VILLE",2108,False,,,,52.58,47.42,18.4,19.4,19.38,18.69,14.56,9.57,19.16,16.4,31.45,18.32,Marseille,2014,1,PELLICANI,Christian,862211.0
13055SR01,Marseille Secteur 1,M,LUG,Un Nouveau Cap pour les Marseillais avec PATRICK MENNUCCI,6331,False,,,,52.58,47.42,18.4,19.4,19.38,18.69,14.56,9.57,19.16,16.4,31.45,18.32,Marseille,2014,1,MENNUCCI,Patrick,862211.0
13055SR01,Marseille Secteur 1,M,LDVG,UNION POUR MARSEILLE,139,False,,,,52.58,47.42,18.4,19.4,19.38,18.69,14.56,9.57,19.16,16.4,31.45,18.32,Marseille,2014,1,AKROUNE,Adrien,862211.0
13055SR01,Marseille Secteur 1,M,LDVG,CHANGER LA DONNE,1635,False,,,,52.58,47.42,18.4,19.4,19.38,18.69,14.56,9.57,19.16,16.4,31.45,18.32,Marseille,2014,1,BARLES,S�bastien,862211.0
13055SR01,Marseille Secteur 1,M,LDIV,ALLIANCE �COLOGISTE IND�PENDANTE,467,False,,,,52.58,47.42,18.4,19.4,19.38,18.69,14.56,9.57,19.16,16.4,31.45,18.32,Marseille,2014,1,ABDOURAMANE,Said,862211.0
13055SR01,Marseille Secteur 1,F,LDIV,MARSEILLE J'Y CROIS (1er secteur),127,False,,,,52.58,47.42,18.4,19.4,19.38,18.69,14.56,9.57,19.16,16.4,31.45,18.32,Marseille,2014,1,BRYA-BERTRAND,Somia,862211.0
13055SR01,Marseille Secteur 1,M,LUD,MARSEILLE EN AVANT AVEC JEAN-CLAUDE GAUDIN,9063,False,,,,52.58,47.42,18.4,19.4,19.38,18.69,14.56,9.57,19.16,16.4,31.45,18.32,Marseille,2014,1,TIAN,Dominique,862211.0
13055SR01,Marseille Secteur 1,M,LFN,MARSEILLE BLEU MARINE (1er Secteur),3526,False,,,,52.58,47.42,18.4,19.4,19.38,18.69,14.56,9.57,19.16,16.4,31.45,18.32,Marseille,2014,1,DEMEESTER,Dominique,862211.0
13055SR02,Marseille Secteur 2,M,LEXG,Liste d'Unit� et de R�sistance contre la politique du gouvernement et de l'union europ�enne Soutenue par le POI,34,False,,,,52.58,47.42,18.4,19.4,19.38,18.69,14.56,9.57,19.16,16.4,31.45,18.32,Marseille,2014,1,BAURAND,Nicolas,862211.0
13055SR02,Marseille Secteur 2,F,LUD,MARSEILLE EN AVANT AVEC JEAN-CLAUDE GAUDIN,3405,False,,,,52.58,47.42,18.4,19.4,19.38,18.69,14.56,9.57,19.16,16.4,31.45,18.32,Marseille,2014,1,BIAGGI,Solange,862211.0
13055SR02,Marseille Secteur 2,F,LFN,MARSEILLE BLEU MARINE,2329,False,,,,52.58,47.42,18.4,19.4,19.38,18.69,14.56,9.57,19.16,16.4,31.45,18.32,Marseille,2014,1,MARTI,Jeanne,862211.0
13055SR02,Marseille Secteur 2,F,LEXG,LUTTE OUVRI�RE FAIRE ENTENDRE LE CAMP DES TRAVAILLEURS,121,False,,,,52.58,47.42,18.4,19.4,19.38,18.69,14.56,9.57,19.16,16.4,31.45,18.32,Marseille,2014,1,BONNET,Isabelle,862211.0
13055SR02,Marseille Secteur 2,F,LFG,MARSEILLE � Gauche L'HUMAIN D'ABORD DANS NOTRE VILLE,1001,False,,,,52.58,47.42,18.4,19.4,19.38,18.69,14.56,9.57,19.16,16.4,31.45,18.32,Marseille,2014,1,BATOUX,Marie,862211.0
13055SR02,Marseille Secteur 2,M,LUG,UN NOUVEAU CAP POUR LES MARSEILLAIS AVEC PATRICK MENNUCCI,2458,False,,,,52.58,47.42,18.4,19.4,19.38,18.69,14.56,9.57,19.16,16.4,31.45,18.32,Marseille,2014,1,CASELLI,Eug�ne,862211.0
13055SR02,Marseille Secteur 2,F,LDVG,CHANGER LA DONNE,762,False,,,,52.58,47.42,18.4,19.4,19.38,18.69,14.56,9.57,19.16,16.4,31.45,18.32,Marseille,2014,1,BEN MOHAMED,Kaouther,862211.0
13055SR02,Marseille Secteur 2,F,LDVG,UNION POUR MARSEILLE,3352,False,,,,52.58,47.42,18.4,19.4,19.38,18.69,14.56,9.57,19.16,16.4,31.45,18.32,Marseille,2014,1,NARDUCCI,Lisette,862211.0
13055SR02,Marseille Secteur 2,M,LDIV,MARSEILLE J'Y CROIS,106,False,,,,52.58,47.42,18.4,19.4,19.38,18.69,14.56,9.57,19.16,16.4,31.45,18.32,Marseille,2014,1,CAMILLERI,Eddy,862211.0
13055SR02,Marseille Secteur 2,M,LDIV,MARSEILLE POPULAIRE,199,False,,,,52.58,47.42,18.4,19.4,19.38,18.69,14.56,9.57,19.16,16.4,31.45,18.32,Marseille,2014,1,DJELLIL,Omar,862211.0
13055SR02,Marseille Secteur 2,M,LDIV,MARSEILLE ENSEMBLE,313,False,,,,52.58,47.42,18.4,19.4,19.38,18.69,14.56,9.57,19.16,16.4,31.45,18.32,Marseille,2014,1,MESSAS,Lakbir,862211.0
13055SR03,Marseille Secteur 3,F,LFG,"MARSEILLE A GAUCHE, L'HUMAIN D'ABORD DANS NOTRE VILLE",2322,False,,,,52.58,47.42,18.4,19.4,19.38,18.69,14.56,9.57,19.16,16.4,31.45,18.32,Marseille,2014,1,PASQUET,Isabelle,862211.0
13055SR03,Marseille Secteur 3,F,LUG,UN NOUVEAU CAP POUR LES MARSEILLAIS AVEC PATRICK MENNUCCI,7425,False,,,,52.58,47.42,18.4,19.4,19.38,18.69,14.56,9.57,19.16,16.4,31.45,18.32,Marseille,2014,1,CARLOTTI,Marie-Arlette,862211.0
13055SR03,Marseille Secteur 3,M,LDVG,UNION POUR MARSEILLE,274,False,,,,52.58,47.42,18.4,19.4,19.38,18.69,14.56,9.57,19.16,16.4,31.45,18.32,Marseille,2014,1,BISMUTH,Robert,862211.0
13055SR03,Marseille Secteur 3,F,LDVG,Changer la Donne,1552,False,,,,52.58,47.42,18.4,19.4,19.38,18.69,14.56,9.57,19.16,16.4,31.45,18.32,Marseille,2014,1,RUBIROLA-BLANC,Mich�le,862211.0
13055SR03,Marseille Secteur 3,M,LDIV,MARSEILLE J'Y CROIS,406,False,,,,52.58,47.42,18.4,19.4,19.38,18.69,14.56,9.57,19.16,16.4,31.45,18.32,Marseille,2014,1,PERSIA,Alain,862211.0
13055SR03,Marseille Secteur 3,M,LUD,MARSEILLE EN AVANT AVEC JEAN-CLAUDE GAUDIN,12575,False,,,,52.58,47.42,18.4,19.4,19.38,18.69,14.56,9.57,19.16,16.4,31.45,18.32,Marseille,2014,1,GILLES,Bruno,862211.0
13055SR03,Marseille Secteur 3,F,LDVD,Une qualit� de vie pour tous,93,False,,,,52.58,47.42,18.4,19.4,19.38,18.69,14.56,9.57,19.16,16.4,31.45,18.32,Marseille,2014,1,SAID,Elisabeth,862211.0
13055SR03,Marseille Secteur 3,M,LFN,MARSEILLE BLEU MARINE,5464,False,,,,52.58,47.42,18.4,19.4,19.38,18.69,14.56,9.57,19.16,16.4,31.45,18.32,Marseille,2014,1,BAUMANN,Jean-Pierre,862211.0
13055SR04,Marseille Secteur 4,F,LFG,MARSEILLE A GAUCHE L'HUMAIN D'ABORD DANS NOTRE VILLE,3017,False,,,,52.58,47.42,18.4,19.4,19.38,18.69,14.56,9.57,19.16,16.4,31.45,18.32,Marseille,2014,1,PALLOIX,Marie-Fran�oise,862211.0
13055SR04,Marseille Secteur 4,F,LUG,UN NOUVEAU CAP POUR LES MARSEILLAIS AVEC PATRICK MENNUCCI,8200,True,,,,52.58,47.42,18.4,19.4,19.38,18.69,14.56,9.57,19.16,16.4,31.45,18.32,Marseille,2014,1,LEVY MOZZICONACCI,Annie,862211.0
13055SR04,Marseille Secteur 4,M,LDVG,CHANGER LA DONNE,2803,False,,,,52.58,47.42,18.4,19.4,19.38,18.69,14.56,9.57,19.16,16.4,31.45,18.32,Marseille,2014,1,JOLLIVET,Andr�,862211.0
13055SR04,Marseille Secteur 4,M,LUD,MARSEILLE EN AVANT AVEC JEAN-CLAUDE GAUDIN,21527,True,,,,52.58,47.42,18.4,19.4,19.38,18.69,14.56,9.57,19.16,16.4,31.45,18.32,Marseille,2014,1,GAUDIN,Jean-Claude,862211.0
13055SR04,Marseille Secteur 4,M,LFN,MARSEILLE BLEU MARINE,7440,True,,,,52.58,47.42,18.4,19.4,19.38,18.69,14.56,9.57,19.16,16.4,31.45,18.32,Marseille,2014,1,CATANEO,Michel,862211.0
13055SR05,Marseille Secteur 5,M,LFG,MARSEILLE A GAUCHE L'HUMAIN D'ABORD DANS NOTRE VILLE,2572,False,,,,52.58,47.42,18.4,19.4,19.38,18.69,14.56,9.57,19.16,16.4,31.45,18.32,Marseille,2014,1,CAVAGNARA,Jean Marc,862211.0
13055SR05,Marseille Secteur 5,M,LUG,UN NOUVEAU CAP POUR LES MARSEILLAIS AVEC PATRICK MENNUCCI,6475,False,,,,52.58,47.42,18.4,19.4,19.38,18.69,14.56,9.57,19.16,16.4,31.45,18.32,Marseille,2014,1,ZERIBI,Karim,862211.0
13055SR05,Marseille Secteur 5,M,LDVG,MARSEILLE UNIE,504,False,,,,52.58,47.42,18.4,19.4,19.38,18.69,14.56,9.57,19.16,16.4,31.45,18.32,Marseille,2014,1,NEHARI,Salah,862211.0
13055SR05,Marseille Secteur 5,F,LDVG,Changer la Donne,1860,False,,,,52.58,47.42,18.4,19.4,19.38,18.69,14.56,9.57,19.16,16.4,31.45,18.32,Marseille,2014,1,PETIT,Caroline,862211.0
13055SR05,Marseille Secteur 5,M,LDIV,UNION POUR MARSEILLE,733,False,,,,52.58,47.42,18.4,19.4,19.38,18.69,14.56,9.57,19.16,16.4,31.45,18.32,Marseille,2014,1,PIETRI,Fernand,862211.0
13055SR05,Marseille Secteur 5,M,LUD,MARSEILLE EN AVANT AVEC JEAN CLAUDE GAUDIN,19396,False,,,,52.58,47.42,18.4,19.4,19.38,18.69,14.56,9.57,19.16,16.4,31.45,18.32,Marseille,2014,1,TEISSIER,Guy,862211.0
13055SR05,Marseille Secteur 5,M,LFN,MARSEILLE BLEU MARINE,10829,False,,,,52.58,47.42,18.4,19.4,19.38,18.69,14.56,9.57,19.16,16.4,31.45,18.32,Marseille,2014,1,COMAS,Laurent,862211.0
13055SR06,Marseille Secteur 6,F,LFG,MARSEILLE � GAUCHE L'HUMAIN D'ABORD DANS NOTRE VILLE,2340,False,,,,52.58,47.42,18.4,19.4,19.38,18.69,14.56,9.57,19.16,16.4,31.45,18.32,Marseille,2014,1,CARTIER,Sandrine,862211.0
13055SR06,Marseille Secteur 6,M,LUG,Un Nouveau Cap pour les Marseillais avec Patrick MENNUCCI,7040,False,,,,52.58,47.42,18.4,19.4,19.38,18.69,14.56,9.57,19.16,16.4,31.45,18.32,Marseille,2014,1,MASSE,Christophe,862211.0
13055SR06,Marseille Secteur 6,M,LDVG,CHANGER LA DONNE,1452,False,,,,52.58,47.42,18.4,19.4,19.38,18.69,14.56,9.57,19.16,16.4,31.45,18.32,Marseille,2014,1,RICHARD,Ferdinand,862211.0
13055SR06,Marseille Secteur 6,M,LUD,MARSEILLE EN AVANT AVEC JEAN-CLAUDE GAUDIN,14891,False,,,,52.58,47.42,18.4,19.4,19.38,18.69,14.56,9.57,19.16,16.4,31.45,18.32,Marseille,2014,1,BLUM,Roland,862211.0
13055SR06,Marseille Secteur 6,M,LDVD,MARSEILLE A VIVRE,5672,False,,,,52.58,47.42,18.4,19.4,19.38,18.69,14.56,9.57,19.16,16.4,31.45,18.32,Marseille,2014,1,ASSANTE,Robert,862211.0
13055SR06,Marseille Secteur 6,F,LFN,MARSEILLE BLEU MARINE,10942,False,,,,52.58,47.42,18.4,19.4,19.38,18.69,14.56,9.57,19.16,16.4,31.45,18.32,Marseille,2014,1,PHILIPPE,Elisabeth,862211.0
13055SR07,Marseille Secteur 7,F,LEXG,LUTTE OUVRI�RE FAIRE ENTENDRE LE CAMP DES TRAVAILLEURS,361,False,,,,52.58,47.42,18.4,19.4,19.38,18.69,14.56,9.57,19.16,16.4,31.45,18.32,Marseille,2014,1,P�COUT,Dani�le,862211.0
13055SR07,Marseille Secteur 7,M,LFG,MARSEILLE A GAUCHE. L'HUMAIN D'ABORD DANS NOTRE VILLE. FRONT DE GAUCHE,2512,False,,,,52.58,47.42,18.4,19.4,19.38,18.69,14.56,9.57,19.16,16.4,31.45,18.32,Marseille,2014,1,JOHSUA,Samy,862211.0
13055SR07,Marseille Secteur 7,M,LUG,Un nouveau cap pour les Marseillais avec Patrick Mennucci,8467,False,,,,52.58,47.42,18.4,19.4,19.38,18.69,14.56,9.57,19.16,16.4,31.45,18.32,Marseille,2014,1,HOVSEPIAN,Garo,862211.0
13055SR07,Marseille Secteur 7,M,LDVG,CHANGER LA DONNE,3168,False,,,,52.58,47.42,18.4,19.4,19.38,18.69,14.56,9.57,19.16,16.4,31.45,18.32,Marseille,2014,1,DIOUF,Pape,862211.0
13055SR07,Marseille Secteur 7,F,LDVG,MARSEILLE UNIE,850,False,,,,52.58,47.42,18.4,19.4,19.38,18.69,14.56,9.57,19.16,16.4,31.45,18.32,Marseille,2014,1,MANNI,Myriam,862211.0
13055SR07,Marseille Secteur 7,M,LUD,MARSEILLE EN AVANT AVEC JEAN-CLAUDE GAUDIN,10882,False,,,,52.58,47.42,18.4,19.4,19.38,18.69,14.56,9.57,19.16,16.4,31.45,18.32,Marseille,2014,1,MIRON,Richard,862211.0
13055SR07,Marseille Secteur 7,M,LFN,MARSEILLE BLEU MARINE,12857,False,,,,52.58,47.42,18.4,19.4,19.38,18.69,14.56,9.57,19.16,16.4,31.45,18.32,Marseille,2014,1,RAVIER,St�phane,862211.0
13055SR08,Marseille Secteur 8,M,LEXG,LISTE D'UNITE ET DE RESISTANCE CONTRE LA POLITIQUE DU GOUVERNEMENT ET DE L'UNION EUROPEENNE SOUTENUE PAR LE POI,129,False,,,,52.58,47.42,18.4,19.4,19.38,18.69,14.56,9.57,19.16,16.4,31.45,18.32,Marseille,2014,1,BARNIER,Jean-Fran�ois,862211.0
13055SR08,Marseille Secteur 8,M,LEXG,LUTTE OUVRIERE FAIRE ENTENDRE LE CAMP DES TRAVAILLEURS,164,False,,,,52.58,47.42,18.4,19.4,19.38,18.69,14.56,9.57,19.16,16.4,31.45,18.32,Marseille,2014,1,ROCHE,Fran�ois,862211.0
13055SR08,Marseille Secteur 8,M,LFG,MARSEILLE A GAUCHE - L'HUMAIN D'ABORD DANS NOTRE VILLE,2260,False,,,,52.58,47.42,18.4,19.4,19.38,18.69,14.56,9.57,19.16,16.4,31.45,18.32,Marseille,2014,1,COPPOLA,Jean-Marc,862211.0
13055SR08,Marseille Secteur 8,F,LUG,UN NOUVEAU CAP POUR LES MARSEILLAIS AVEC PATRICK MENNUCCI,6634,False,,,,52.58,47.42,18.4,19.4,19.38,18.69,14.56,9.57,19.16,16.4,31.45,18.32,Marseille,2014,1,GHALI,Samia,862211.0
13055SR08,Marseille Secteur 8,M,LDVG,MARSEILLE UNIE,237,False,,,,52.58,47.42,18.4,19.4,19.38,18.69,14.56,9.57,19.16,16.4,31.45,18.32,Marseille,2014,1,ABIDI,Cyril,862211.0
13055SR08,Marseille Secteur 8,M,LDVG,PRG UNION POUR MARSEILLE,186,False,,,,52.58,47.42,18.4,19.4,19.38,18.69,14.56,9.57,19.16,16.4,31.45,18.32,Marseille,2014,1,HAMMOU,Hassen,862211.0
13055SR08,Marseille Secteur 8,F,LDVG,CHANGER LA DONNE,1145,False,,,,52.58,47.42,18.4,19.4,19.38,18.69,14.56,9.57,19.16,16.4,31.45,18.32,Marseille,2014,1,MEGUENNI,Zoubida,862211.0
13055SR08,Marseille Secteur 8,F,LUD,Marseille en Avant avec Jean-Claude GAUDIN,4393,False,,,,52.58,47.42,18.4,19.4,19.38,18.69,14.56,9.57,19.16,16.4,31.45,18.32,Marseille,2014,1,FRUCTUS,Arlette,862211.0
13055SR08,Marseille Secteur 8,M,LFN,MARSEILLE BLEU MARINE,5772,False,,,,52.58,47.42,18.4,19.4,19.38,18.69,14.56,9.57,19.16,16.4,31.45,18.32,Marseille,2014,1,MARANDAT,Bernard,862211.0
69123SR01,Lyon 1er secteur,M,LEXG,LUTTE OUVRIERE FAIRE ENTENDRE LE CAMP DES TRAVAILLEURS,86,False,,,,53.11,46.89,15.38,29.01,21.29,15.4,11.34,7.59,13.53,14.64,52.28,13.61,Lyon,2014,1,DUDUKDJIAN,Jean-No�l,515695.0
69123SR01,Lyon 1er secteur,F,LFG,Lyon Citoyenne & Solidaire Premier Arrondissement,3156,False,,,,53.11,46.89,15.38,29.01,21.29,15.4,11.34,7.59,13.53,14.64,52.28,13.61,Lyon,2014,1,PERRIN-GILBERT,Nathalie,515695.0
69123SR01,Lyon 1er secteur,F,LSOC,EVIDEMMENT LYON AVEC GERARD COLLOMB,2447,False,,,,53.11,46.89,15.38,29.01,21.29,15.4,11.34,7.59,13.53,14.64,52.28,13.61,Lyon,2014,1,BELINGA,Odile,515695.0
69123SR01,Lyon 1er secteur,F,LVEC,INSPIREZ LYON AVEC LES �COLOGISTES.,1064,False,,,,53.11,46.89,15.38,29.01,21.29,15.4,11.34,7.59,13.53,14.64,52.28,13.61,Lyon,2014,1,BAUME,Emeline,515695.0
69123SR01,Lyon 1er secteur,M,LDIV,"LYON POUR TOUS, TOUS POUR LYON AVEC ERIC LAFOND",293,False,,,,53.11,46.89,15.38,29.01,21.29,15.4,11.34,7.59,13.53,14.64,52.28,13.61,Lyon,2014,1,JAUBERT,Thibaut,515695.0
69123SR01,Lyon 1er secteur,M,LUD,Michel HAVARD G�n�ration Lyon 1e,1804,False,,,,53.11,46.89,15.38,29.01,21.29,15.4,11.34,7.59,13.53,14.64,52.28,13.61,Lyon,2014,1,MONIN,Jean-Baptiste,515695.0
69123SR01,Lyon 1er secteur,F,LFN,LYON BLEU MARINE,583,False,,,,53.11,46.89,15.38,29.01,21.29,15.4,11.34,7.59,13.53,14.64,52.28,13.61,Lyon,2014,1,CHAUSSAT,Blanche,515695.0
69123SR02,Lyon 2eme secteur,M,LFG,Lyon Citoyenne & Solidaire deuxi�me arrondissement.,487,False,,,,53.11,46.89,15.38,29.01,21.29,15.4,11.34,7.59,13.53,14.64,52.28,13.61,Lyon,2014,1,DEBU,Rapha�l,515695.0
69123SR02,Lyon 2eme secteur,M,LSOC,EVIDEMMENT LYON AVEC GERARD COLLOMB,2737,False,,,,53.11,46.89,15.38,29.01,21.29,15.4,11.34,7.59,13.53,14.64,52.28,13.61,Lyon,2014,1,BERNARD,Roland,515695.0
69123SR02,Lyon 2eme secteur,M,LVEC,INSPIREZ LYON AVEC LES ECOLOGISTES,609,False,,,,53.11,46.89,15.38,29.01,21.29,15.4,11.34,7.59,13.53,14.64,52.28,13.61,Lyon,2014,1,RUBIO,Amaury,515695.0
69123SR02,Lyon 2eme secteur,F,LDIV,"Lyon pour tous, tous pour Lyon avec Eric Lafond",325,False,,,,53.11,46.89,15.38,29.01,21.29,15.4,11.34,7.59,13.53,14.64,52.28,13.61,Lyon,2014,1,LOBBEDEZ,Marie,515695.0
69123SR02,Lyon 2eme secteur,M,LUD,Michel HAVARD G�n�ration Lyon 2e,4738,False,,,,53.11,46.89,15.38,29.01,21.29,15.4,11.34,7.59,13.53,14.64,52.28,13.61,Lyon,2014,1,BROLIQUIER,Denis,515695.0
69123SR02,Lyon 2eme secteur,F,LFN,LYON BLEU MARINE,1159,False,,,,53.11,46.89,15.38,29.01,21.29,15.4,11.34,7.59,13.53,14.64,52.28,13.61,Lyon,2014,1,SIMIAN,Aude,515695.0
69123SR03,Lyon 3eme secteur,F,LFG,LYON CITOYENNE & SOLIDAIRE TROISIEME ARRONDISSEMENT,1579,False,,,,53.11,46.89,15.38,29.01,21.29,15.4,11.34,7.59,13.53,14.64,52.28,13.61,Lyon,2014,1,LUCIUS,Fanny,515695.0
69123SR03,Lyon 3eme secteur,M,LSOC,EVIDEMMENT LYON AVEC GERARD COLLOMB,11256,False,,,,53.11,46.89,15.38,29.01,21.29,15.4,11.34,7.59,13.53,14.64,52.28,13.61,Lyon,2014,1,PHILIP,Thierry,515695.0
69123SR03,Lyon 3eme secteur,F,LVEC,INSPIREZ LYON AVEC LES �COLOGISTES,2854,False,,,,53.11,46.89,15.38,29.01,21.29,15.4,11.34,7.59,13.53,14.64,52.28,13.61,Lyon,2014,1,CHEVALLIER,Fran�oise,515695.0
69123SR03,Lyon 3eme secteur,M,LDIV,"Lyon pour tous, tous pour Lyon avec Eric Lafond",1352,False,,,,53.11,46.89,15.38,29.01,21.29,15.4,11.34,7.59,13.53,14.64,52.28,13.61,Lyon,2014,1,LAFOND,Eric,515695.0
69123SR03,Lyon 3eme secteur,F,LDIV,LYON 2014 VILLE PIONNI�RE,329,False,,,,53.11,46.89,15.38,29.01,21.29,15.4,11.34,7.59,13.53,14.64,52.28,13.61,Lyon,2014,1,NININO,Aurore,515695.0
69123SR03,Lyon 3eme secteur,M,LUD,Michel HAVARD G�n�ration Lyon 3e,8161,False,,,,53.11,46.89,15.38,29.01,21.29,15.4,11.34,7.59,13.53,14.64,52.28,13.61,Lyon,2014,1,BERAT,Pierre,515695.0
69123SR03,Lyon 3eme secteur,M,LFN,LYON BLEU MARINE,3603,False,,,,53.11,46.89,15.38,29.01,21.29,15.4,11.34,7.59,13.53,14.64,52.28,13.61,Lyon,2014,1,VAUDAN,Romain,515695.0
69123SR04,Lyon 4eme secteur,F,LEXG,LUTTE OUVRIERE FAIRE ENTENDRE LE CAMP DES TRAVAILLEURS,123,False,,,,53.11,46.89,15.38,29.01,21.29,15.4,11.34,7.59,13.53,14.64,52.28,13.61,Lyon,2014,1,COUZON,Arlette,515695.0
69123SR04,Lyon 4eme secteur,F,LFG,LYON CITOYENNE & SOLIDAIRE - QUATRI�ME ARRONDISSEMENT,1323,False,,,,53.11,46.89,15.38,29.01,21.29,15.4,11.34,7.59,13.53,14.64,52.28,13.61,Lyon,2014,1,GUITARD,Aline,515695.0
69123SR04,Lyon 4eme secteur,M,LSOC,EVIDEMMENT LYON AVEC GERARD COLLOMB,4522,False,,,,53.11,46.89,15.38,29.01,21.29,15.4,11.34,7.59,13.53,14.64,52.28,13.61,Lyon,2014,1,KIMELFELD,David,515695.0
69123SR04,Lyon 4eme secteur,M,LDVG,LE DEFI CITOYEN,410,False,,,,53.11,46.89,15.38,29.01,21.29,15.4,11.34,7.59,13.53,14.64,52.28,13.61,Lyon,2014,1,BRIGHI,Ren�,515695.0
69123SR04,Lyon 4eme secteur,M,LVEC,INSPIREZ LYON AVEC LES �COLOGISTES,1567,False,,,,53.11,46.89,15.38,29.01,21.29,15.4,11.34,7.59,13.53,14.64,52.28,13.61,Lyon,2014,1,T�TE,�tienne,515695.0
69123SR04,Lyon 4eme secteur,M,LDIV,CROIX ROUSSE 2014,255,False,,,,53.11,46.89,15.38,29.01,21.29,15.4,11.34,7.59,13.53,14.64,52.28,13.61,Lyon,2014,1,BEN CHELBI,Mehdi,515695.0
69123SR04,Lyon 4eme secteur,M,LDIV,"LYON POUR TOUS, TOUS POUR LYON AVEC ERIC LAFOND",375,False,,,,53.11,46.89,15.38,29.01,21.29,15.4,11.34,7.59,13.53,14.64,52.28,13.61,Lyon,2014,1,BERNE,Jean-Paul,515695.0
69123SR04,Lyon 4eme secteur,M,LUD,Michel HAVARD G�n�ration Lyon 4e,3493,False,,,,53.11,46.89,15.38,29.01,21.29,15.4,11.34,7.59,13.53,14.64,52.28,13.61,Lyon,2014,1,HAMELIN,Emmanuel,515695.0
69123SR04,Lyon 4eme secteur,M,LFN,LYON BLEU MARINE,1131,False,,,,53.11,46.89,15.38,29.01,21.29,15.4,11.34,7.59,13.53,14.64,52.28,13.61,Lyon,2014,1,MONCHAU,Damien,515695.0
69123SR05,Lyon 5eme secteur,M,LEXG,LUTTE OUVRIERE FAIRE ENTENDRE LE CAMP DES TRAVAILLEURS,154,False,,,,53.11,46.89,15.38,29.01,21.29,15.4,11.34,7.59,13.53,14.64,52.28,13.61,Lyon,2014,1,TERNO,Alain,515695.0
69123SR05,Lyon 5eme secteur,M,LFG,LYON CITOYENNE & SOLIDAIRE,752,False,,,,53.11,46.89,15.38,29.01,21.29,15.4,11.34,7.59,13.53,14.64,52.28,13.61,Lyon,2014,1,ROUX,Beno�t,515695.0
69123SR05,Lyon 5eme secteur,M,LSOC,EVIDEMMENT LYON AVEC GERARD COLLOMB,5954,False,,,,53.11,46.89,15.38,29.01,21.29,15.4,11.34,7.59,13.53,14.64,52.28,13.61,Lyon,2014,1,RUDIGOZ,Thomas,515695.0
69123SR05,Lyon 5eme secteur,M,LVEC,INSPIREZ LYON AVEC LES ECOLOGISTES,1340,False,,,,53.11,46.89,15.38,29.01,21.29,15.4,11.34,7.59,13.53,14.64,52.28,13.61,Lyon,2014,1,HUR�,Maxime,515695.0
69123SR05,Lyon 5eme secteur,M,LDIV,"LYON POUR TOUS, TOUS POUR LYON AVEC ERIC LAFOND",498,False,,,,53.11,46.89,15.38,29.01,21.29,15.4,11.34,7.59,13.53,14.64,52.28,13.61,Lyon,2014,1,CEDAT,Christophe,515695.0
69123SR05,Lyon 5eme secteur,M,LUD,Michel HAVARD G�n�ration Lyon 5e,5850,False,,,,53.11,46.89,15.38,29.01,21.29,15.4,11.34,7.59,13.53,14.64,52.28,13.61,Lyon,2014,1,HAVARD,Michel,515695.0
69123SR05,Lyon 5eme secteur,F,LFN,LYON BLEU MARINE,1857,False,,,,53.11,46.89,15.38,29.01,21.29,15.4,11.34,7.59,13.53,14.64,52.28,13.61,Lyon,2014,1,HUGON,Nicole,515695.0
69123SR06,Lyon 6eme secteur,M,LFG,Lyon Citoyenne & Solidaire SIXIEME ARRONDISSEMENT,561,False,,,,53.11,46.89,15.38,29.01,21.29,15.4,11.34,7.59,13.53,14.64,52.28,13.61,Lyon,2014,1,BROUSSARD,Damien,515695.0
69123SR06,Lyon 6eme secteur,F,LSOC,EVIDEMMENT LYON AVEC GERARD COLLOMB,4801,True,,,,53.11,46.89,15.38,29.01,21.29,15.4,11.34,7.59,13.53,14.64,52.28,13.61,Lyon,2014,1,SERVIEN,Elvire,515695.0
69123SR06,Lyon 6eme secteur,F,LVEC,INSPIREZ LYON AVEC LES �COLOGISTES,1110,False,,,,53.11,46.89,15.38,29.01,21.29,15.4,11.34,7.59,13.53,14.64,52.28,13.61,Lyon,2014,1,JARRET,Fr�d�rique,515695.0
69123SR06,Lyon 6eme secteur,M,LDIV,"LYON POUR TOUS, TOUS POUR LYON AVEC ERIC LAFOND",610,False,,,,53.11,46.89,15.38,29.01,21.29,15.4,11.34,7.59,13.53,14.64,52.28,13.61,Lyon,2014,1,GAUTHIER,Pierre,515695.0
69123SR06,Lyon 6eme secteur,F,LUD,Michel HAVARD G�n�ration Lyon 6e,8971,True,,,,53.11,46.89,15.38,29.01,21.29,15.4,11.34,7.59,13.53,14.64,52.28,13.61,Lyon,2014,1,NACHURY,Dominique,515695.0
69123SR06,Lyon 6eme secteur,M,LFN,Lyon bleu marine 6�me arrondissement,1867,False,,,,53.11,46.89,15.38,29.01,21.29,15.4,11.34,7.59,13.53,14.64,52.28,13.61,Lyon,2014,1,HEKIMIAN,Norbert,515695.0
69123SR07,Lyon 7eme secteur,M,LEXG,LUTTE OUVRIERE FAIRE ENTENDRE LE CAMP DES TRAVAILLEURS,227,False,,,,53.11,46.89,15.38,29.01,21.29,15.4,11.34,7.59,13.53,14.64,52.28,13.61,Lyon,2014,1,MINOUX,Olivier,515695.0
69123SR07,Lyon 7eme secteur,M,LFG,LYON CITOYENNE & SOLIDAIRE SEPTI�ME ARRONDISSEMENT,1543,False,,,,53.11,46.89,15.38,29.01,21.29,15.4,11.34,7.59,13.53,14.64,52.28,13.61,Lyon,2014,1,PESCHE,Augustin,515695.0
69123SR07,Lyon 7eme secteur,F,LSOC,EVIDEMMENT LYON AVEC GERARD COLLOMB,7724,False,,,,53.11,46.89,15.38,29.01,21.29,15.4,11.34,7.59,13.53,14.64,52.28,13.61,Lyon,2014,1,PICOT,Myriam,515695.0
69123SR07,Lyon 7eme secteur,M,LVEC,INSPIREZ LYON AVEC LES ECOLOGISTES,2165,False,,,,53.11,46.89,15.38,29.01,21.29,15.4,11.34,7.59,13.53,14.64,52.28,13.61,Lyon,2014,1,CHARLES,Bruno,515695.0
69123SR07,Lyon 7eme secteur,F,LDIV,"LYON POUR TOUS,TOUS POUR LYON AVEC ERIC LAFOND",722,False,,,,53.11,46.89,15.38,29.01,21.29,15.4,11.34,7.59,13.53,14.64,52.28,13.61,Lyon,2014,1,MAURY,Florence,515695.0
69123SR07,Lyon 7eme secteur,M,LDIV,ALLEZ LYON 7,178,False,,,,53.11,46.89,15.38,29.01,21.29,15.4,11.34,7.59,13.53,14.64,52.28,13.61,Lyon,2014,1,MONTEIL,Christian,515695.0
69123SR07,Lyon 7eme secteur,M,LUD,Michel HAVARD G�n�ration Lyon 7e,4746,False,,,,53.11,46.89,15.38,29.01,21.29,15.4,11.34,7.59,13.53,14.64,52.28,13.61,Lyon,2014,1,GEOURJON,Christophe,515695.0
69123SR07,Lyon 7eme secteur,F,LFN,LYON Bleu Marine,2597,False,,,,53.11,46.89,15.38,29.01,21.29,15.4,11.34,7.59,13.53,14.64,52.28,13.61,Lyon,2014,1,MARION,Agn�s,515695.0
69123SR08,Lyon 8eme secteur,F,LEXG,LUTTE OUVRIERE FAIRE ENTENDRE LE CAMP DES TRAVAILLEURS,317,False,,,,53.11,46.89,15.38,29.01,21.29,15.4,11.34,7.59,13.53,14.64,52.28,13.61,Lyon,2014,1,PERNIN,Marie-Christine,515695.0
69123SR08,Lyon 8eme secteur,M,LFG,LYON CITOYENNE & SOLIDAIRE HUITIEME ARRONDISSEMENT,1008,False,,,,53.11,46.89,15.38,29.01,21.29,15.4,11.34,7.59,13.53,14.64,52.28,13.61,Lyon,2014,1,KOTRARAC,Andr�a,515695.0
69123SR08,Lyon 8eme secteur,M,LSOC,EVIDEMMENT LYON AVEC GERARD COLLOMB,7473,False,,,,53.11,46.89,15.38,29.01,21.29,15.4,11.34,7.59,13.53,14.64,52.28,13.61,Lyon,2014,1,COULON,Christian,515695.0
69123SR08,Lyon 8eme secteur,M,LVEC,INSPIREZ LYON AVEC LES �COLOGISTES,1435,False,,,,53.11,46.89,15.38,29.01,21.29,15.4,11.34,7.59,13.53,14.64,52.28,13.61,Lyon,2014,1,ODIARD,Patrick,515695.0
69123SR08,Lyon 8eme secteur,M,LDIV,"Lyon pour tous, tous pour Lyon avec Eric Lafond",586,False,,,,53.11,46.89,15.38,29.01,21.29,15.4,11.34,7.59,13.53,14.64,52.28,13.61,Lyon,2014,1,JOSEPH,Jean-Claude,515695.0
69123SR08,Lyon 8eme secteur,M,LUD,Michel HAVARD G�n�ration Lyon 8e,4303,False,,,,53.11,46.89,15.38,29.01,21.29,15.4,11.34,7.59,13.53,14.64,52.28,13.61,Lyon,2014,1,GUILLAND,St�phane,515695.0
69123SR08,Lyon 8eme secteur,M,LFN,LYON BLEU MARINE,3421,False,,,,53.11,46.89,15.38,29.01,21.29,15.4,11.34,7.59,13.53,14.64,52.28,13.61,Lyon,2014,1,BOUDOT,Christophe,515695.0
69123SR09,Lyon 9eme secteur,F,LEXG,LUTTE OUVRIERE FAIRE ENTENDRE LE CAMP DES TRAVAILLEURS,199,False,,,,53.11,46.89,15.38,29.01,21.29,15.4,11.34,7.59,13.53,14.64,52.28,13.61,Lyon,2014,1,CHAMBON,Anne-Marie,515695.0
69123SR09,Lyon 9eme secteur,M,LFG,LYON CITOYENNE & Solidaire - 9�me arrondissement,686,False,,,,53.11,46.89,15.38,29.01,21.29,15.4,11.34,7.59,13.53,14.64,52.28,13.61,Lyon,2014,1,CREUS,Armand,515695.0
69123SR09,Lyon 9eme secteur,M,LSOC,EVIDEMMENT LYON AVEC GERARD COLLOMB,5581,False,,,,53.11,46.89,15.38,29.01,21.29,15.4,11.34,7.59,13.53,14.64,52.28,13.61,Lyon,2014,1,COLLOMB,G�rard,515695.0
69123SR09,Lyon 9eme secteur,F,LVEC,Inspirez Lyon avec les �cologistes,921,False,,,,53.11,46.89,15.38,29.01,21.29,15.4,11.34,7.59,13.53,14.64,52.28,13.61,Lyon,2014,1,BENAHMED,Fatiha,515695.0
69123SR09,Lyon 9eme secteur,M,LDIV,"LYON POUR TOUS, TOUS POUR LYON AVEC ERIC LAFOND",448,False,,,,53.11,46.89,15.38,29.01,21.29,15.4,11.34,7.59,13.53,14.64,52.28,13.61,Lyon,2014,1,LECOEUR,Laurent,515695.0
69123SR09,Lyon 9eme secteur,F,LUD,Michel HAVARD G�n�ration Lyon 9e,2701,False,,,,53.11,46.89,15.38,29.01,21.29,15.4,11.34,7.59,13.53,14.64,52.28,13.61,Lyon,2014,1,MADELEINE,Christelle,515695.0
69123SR09,Lyon 9eme secteur,M,LFN,LYON BLEU MARINE,1684,False,,,,53.11,46.89,15.38,29.01,21.29,15.4,11.34,7.59,13.53,14.64,52.28,13.61,Lyon,2014,1,MATHIEU,Daniel,515695.0
75056SR01,Paris 1er secteur,F,LEXG,Lutte Ouvri�re - Faire entendre le camp des Travailleurs,30,False,,,,52.97,47.03,14.03,23.43,22.39,18.36,14.05,7.75,8.38,13.14,60.5,12.07,Paris,2014,1,SAULNIER,Marielle,2190327.0
75056SR01,Paris 1er secteur,F,LPG,"Front de Gauche - A Paris, Place au Peuple !",154,False,,,,52.97,47.03,14.03,23.43,22.39,18.36,14.05,7.75,8.38,13.14,60.5,12.07,Paris,2014,1,MAGNIETTE,Dominique,2190327.0
75056SR01,Paris 1er secteur,M,LUG,Anne HIDALGO Paris qui ose,1663,False,,,,52.97,47.03,14.03,23.43,22.39,18.36,14.05,7.75,8.38,13.14,60.5,12.07,Paris,2014,1,RAOUL,Lo�g,2190327.0
75056SR01,Paris 1er secteur,F,LVEC,Liste citoyenne d'ouverture soutenue par Europe Ecologie-Les Verts,659,False,,,,52.97,47.03,14.03,23.43,22.39,18.36,14.05,7.75,8.38,13.14,60.5,12.07,Paris,2014,1,BOURGUINAT,Elisabeth,2190327.0
75056SR01,Paris 1er secteur,M,LDIV,LES ECOLOGISTES - MOUVEMENT ECOLOGISTE INDEPENDANT,123,False,,,,52.97,47.03,14.03,23.43,22.39,18.36,14.05,7.75,8.38,13.14,60.5,12.07,Paris,2014,1,GUIGNON,Laurent,2190327.0
75056SR01,Paris 1er secteur,M,LUD,100% PREMIER avec Jean-Fran�ois LEGARET,3144,True,,,,52.97,47.03,14.03,23.43,22.39,18.36,14.05,7.75,8.38,13.14,60.5,12.07,Paris,2014,1,LEGARET,Jean-Fran�ois,2190327.0
75056SR01,Paris 1er secteur,M,LFN,PARIS CAPITALE DE LA FRANCE AVEC WALLERAND DE SAINT JUST SOUTENUE PAR LE FRONT NATIONAL ET LE RASSEMBLEMENT BLEU MARINE,306,False,,,,52.97,47.03,14.03,23.43,22.39,18.36,14.05,7.75,8.38,13.14,60.5,12.07,Paris,2014,1,RAUCH,Olivier,2190327.0
75056SR02,Paris 2eme secteur,M,LEXG,LUTTE OUVRIERE FAIRE ENTENDRE LE CAMP DES TRAVAILLEURS,21,False,,,,52.97,47.03,14.03,23.43,22.39,18.36,14.05,7.75,8.38,13.14,60.5,12.07,Paris,2014,1,DALMAS,Jean-Pierre,2190327.0
75056SR02,Paris 2eme secteur,F,LPG,"Front de Gauche - A Paris, place au peuple !",192,False,,,,52.97,47.03,14.03,23.43,22.39,18.36,14.05,7.75,8.38,13.14,60.5,12.07,Paris,2014,1,OBONO,Dani�le,2190327.0
75056SR02,Paris 2eme secteur,F,LUG,Anne Hidalgo Paris qui ose,1565,False,,,,52.97,47.03,14.03,23.43,22.39,18.36,14.05,7.75,8.38,13.14,60.5,12.07,Paris,2014,1,LEVIEUX,V�ronique,2190327.0
75056SR02,Paris 2eme secteur,M,LVEC,"Vivre le 2e arrondissement. Respirer, rassembler, innover",2260,False,,,,52.97,47.03,14.03,23.43,22.39,18.36,14.05,7.75,8.38,13.14,60.5,12.07,Paris,2014,1,BOUTAULT,Jacques,2190327.0
75056SR02,Paris 2eme secteur,M,LUD,Liste d'Union UMP-UDI-MODEM avec Nathalie KOSCIUSKO-MORIZET,1663,False,,,,52.97,47.03,14.03,23.43,22.39,18.36,14.05,7.75,8.38,13.14,60.5,12.07,Paris,2014,1,LEKIEFFRE,Christophe,2190327.0
75056SR02,Paris 2eme secteur,F,LDVD,Renouvellement et Ancrage local avec H�l�ne DELSOL,755,False,,,,52.97,47.03,14.03,23.43,22.39,18.36,14.05,7.75,8.38,13.14,60.5,12.07,Paris,2014,1,DELSOL,H�l�ne,2190327.0
75056SR02,Paris 2eme secteur,M,LDVD,PARIS LIBERE AVEC CHARLES BEIGBEDER,129,False,,,,52.97,47.03,14.03,23.43,22.39,18.36,14.05,7.75,8.38,13.14,60.5,12.07,Paris,2014,1,SALA,Emmanuel,2190327.0
75056SR02,Paris 2eme secteur,M,LFN,PARIS CAPITALE DE LA FRANCE AVEC WALLERAND DE SAINT JUST SOUTENUE PAR LE FRONT NATIONAL ET LE RASSEMBLEMENT BLEU MARINE,272,False,,,,52.97,47.03,14.03,23.43,22.39,18.36,14.05,7.75,8.38,13.14,60.5,12.07,Paris,2014,1,BERLAND,Nicolas,2190327.0
75056SR03,Paris 3eme secteur,F,LEXG,PARIS ANTICAPITALISTE,110,False,,,,52.97,47.03,14.03,23.43,22.39,18.36,14.05,7.75,8.38,13.14,60.5,12.07,Paris,2014,1,FOUCHER,Isabelle,2190327.0
75056SR03,Paris 3eme secteur,M,LEXG,LUTTE OUVRIERE FAIRE ENTENDRE LE CAMP DES TRAVAILLEURS,58,False,,,,52.97,47.03,14.03,23.43,22.39,18.36,14.05,7.75,8.38,13.14,60.5,12.07,Paris,2014,1,LUCIANO,Jean-Pierre,2190327.0
75056SR03,Paris 3eme secteur,M,LPG,FRONT DE GAUCHE A PARIS PLACE AU PEUPLE,464,False,,,,52.97,47.03,14.03,23.43,22.39,18.36,14.05,7.75,8.38,13.14,60.5,12.07,Paris,2014,1,REINER,Hugues,2190327.0
75056SR03,Paris 3eme secteur,M,LUG,Anne HIDALGO Paris qui ose 3�me,5493,False,,,,52.97,47.03,14.03,23.43,22.39,18.36,14.05,7.75,8.38,13.14,60.5,12.07,Paris,2014,1,AIDENBAUM,Pierre,2190327.0
75056SR03,Paris 3eme secteur,F,LVEC,"de l'air dans le 3e, la liste de l'�cologie citoyenne et solidaire",1252,False,,,,52.97,47.03,14.03,23.43,22.39,18.36,14.05,7.75,8.38,13.14,60.5,12.07,Paris,2014,1,HUGUES,Laurence,2190327.0
75056SR03,Paris 3eme secteur,F,LUD,Liste d'Union MODEM-UDI-UMP avec Nathalie KOSCIUSKO-MORIZET pour le 3�me,3379,False,,,,52.97,47.03,14.03,23.43,22.39,18.36,14.05,7.75,8.38,13.14,60.5,12.07,Paris,2014,1,HAREL,Marie-Laure,2190327.0
75056SR03,Paris 3eme secteur,M,LDVD,PARIS LIBERE 3EME,279,False,,,,52.97,47.03,14.03,23.43,22.39,18.36,14.05,7.75,8.38,13.14,60.5,12.07,Paris,2014,1,MAJDA,Jacky,2190327.0
75056SR03,Paris 3eme secteur,M,LFN,"Paris capitale de la France, avec Wallerand de Saint Just, soutenue par le Front national et le rassemblement Bleu Marine",580,False,,,,52.97,47.03,14.03,23.43,22.39,18.36,14.05,7.75,8.38,13.14,60.5,12.07,Paris,2014,1,CLAVET,Bruno,2190327.0
75056SR04,Paris 4eme secteur,F,LEXG,LUTTE OUVRIERE FAIRE ENTENDRE LE CAMP DES TRAVAILLEURS,60,False,,,,52.97,47.03,14.03,23.43,22.39,18.36,14.05,7.75,8.38,13.14,60.5,12.07,Paris,2014,1,LEWI,Olivia,2190327.0
75056SR04,Paris 4eme secteur,M,LPG,"Front de Gauche - A Paris, Place au Peuple !",376,False,,,,52.97,47.03,14.03,23.43,22.39,18.36,14.05,7.75,8.38,13.14,60.5,12.07,Paris,2014,1,FREMIOT,David,2190327.0
75056SR04,Paris 4eme secteur,M,LUG,Anne HIDALGO Paris qui ose,3684,False,,,,52.97,47.03,14.03,23.43,22.39,18.36,14.05,7.75,8.38,13.14,60.5,12.07,Paris,2014,1,GIRARD,Christophe,2190327.0
75056SR04,Paris 4eme secteur,F,LVEC,Vivre mieux � Paris soutenu par Europe Ecologie les Verts avec Christophe Najdovski,916,False,,,,52.97,47.03,14.03,23.43,22.39,18.36,14.05,7.75,8.38,13.14,60.5,12.07,Paris,2014,1,FAUGERON,Corine,2190327.0
75056SR04,Paris 4eme secteur,M,LUD,Union UMP-UDI-MODEM avec Nathalie Kosciusko-Morizet,3725,False,,,,52.97,47.03,14.03,23.43,22.39,18.36,14.05,7.75,8.38,13.14,60.5,12.07,Paris,2014,1,ROGER,Vincent,2190327.0
75056SR04,Paris 4eme secteur,F,LDVD,Une liste citoyenne pour le 4�me,577,False,,,,52.97,47.03,14.03,23.43,22.39,18.36,14.05,7.75,8.38,13.14,60.5,12.07,Paris,2014,1,LEBRETON,Anne,2190327.0
75056SR04,Paris 4eme secteur,M,LFN,"Paris capitale de la France, avec Wallerand de Saint Just, soutenue par le Front national et le Rassemblement Bleu Marine",512,False,,,,52.97,47.03,14.03,23.43,22.39,18.36,14.05,7.75,8.38,13.14,60.5,12.07,Paris,2014,1,HATEM,Elie,2190327.0
75056SR05,Paris 5eme secteur,F,LEXG,Lutte ouvri�re - Faire entendre le camp des travailleurs,142,False,,,,52.97,47.03,14.03,23.43,22.39,18.36,14.05,7.75,8.38,13.14,60.5,12.07,Paris,2014,1,FRIJA,Gabrielle,2190327.0
75056SR05,Paris 5eme secteur,F,LPG,"FRONT DE GAUCHE, A PARIS, PLACE AU PEUPLE !",976,False,,,,52.97,47.03,14.03,23.43,22.39,18.36,14.05,7.75,8.38,13.14,60.5,12.07,Paris,2014,1,MASSON-CHRETIEN,Martine,2190327.0
75056SR05,Paris 5eme secteur,F,LUG,Anne HIDALGO paris qui ose,7550,False,,,,52.97,47.03,14.03,23.43,22.39,18.36,14.05,7.75,8.38,13.14,60.5,12.07,Paris,2014,1,LEMARDELEY,Marie-Christine,2190327.0
75056SR05,Paris 5eme secteur,M,LVEC,"Vivre Mieux � Paris Liste soutenue Europe Ecologie-Les Verts, avec Christophe Najdovski",1985,False,,,,52.97,47.03,14.03,23.43,22.39,18.36,14.05,7.75,8.38,13.14,60.5,12.07,Paris,2014,1,AUDOUIN,Laurent,2190327.0
75056SR05,Paris 5eme secteur,F,LUD,UNE ENERGIE NOUVELLE POUR LE Ve,6336,False,,,,52.97,47.03,14.03,23.43,22.39,18.36,14.05,7.75,8.38,13.14,60.5,12.07,Paris,2014,1,BERTHOUT,Florence,2190327.0
75056SR05,Paris 5eme secteur,F,LDVD,"Alliance royale, Coeur de Paris",127,False,,,,52.97,47.03,14.03,23.43,22.39,18.36,14.05,7.75,8.38,13.14,60.5,12.07,Paris,2014,1,ROSSAND,Blandine,2190327.0
75056SR05,Paris 5eme secteur,M,LDVD,Ensemble pour le 5�me,4322,False,,,,52.97,47.03,14.03,23.43,22.39,18.36,14.05,7.75,8.38,13.14,60.5,12.07,Paris,2014,1,TIBERI,Dominique,2190327.0
75056SR05,Paris 5eme secteur,F,LFN,"Paris capitale de la France, avec Wallerand de Saint Just, soutenue par le Front national et le rassemblement Bleu Marine",805,False,,,,52.97,47.03,14.03,23.43,22.39,18.36,14.05,7.75,8.38,13.14,60.5,12.07,Paris,2014,1,LAPORTE,Lucia,2190327.0
75056SR06,Paris 6eme secteur,M,LEXG,LUTTE OUVRIERE FAIRE ENTENDRE LE CAMP DES TRAVAILLEURS,66,False,,,,52.97,47.03,14.03,23.43,22.39,18.36,14.05,7.75,8.38,13.14,60.5,12.07,Paris,2014,1,PLANQUE,Patrick,2190327.0
75056SR06,Paris 6eme secteur,F,LPG,"FRONT DE GAUCHE - A PARIS, PLACE AU PEUPLE !",349,False,,,,52.97,47.03,14.03,23.43,22.39,18.36,14.05,7.75,8.38,13.14,60.5,12.07,Paris,2014,1,GOUDMAND,Ana�s,2190327.0
75056SR06,Paris 6eme secteur,M,LUG,Anne HIDALGO Paris qui ose,3855,False,,,,52.97,47.03,14.03,23.43,22.39,18.36,14.05,7.75,8.38,13.14,60.5,12.07,Paris,2014,1,LEVY,Romain,2190327.0
75056SR06,Paris 6eme secteur,M,LVEC,"Oh ! Les beaux jours, liste soutenue par Europe Ecologie Les Verts avec Christophe NAJDOVSKI",982,False,,,,52.97,47.03,14.03,23.43,22.39,18.36,14.05,7.75,8.38,13.14,60.5,12.07,Paris,2014,1,PIERRAT,Emmanuel,2190327.0
75056SR06,Paris 6eme secteur,M,LUD,Liste d'Union UMP-UDI-MODEM avec Nathalie KOSCIUSKO-MORIZET,7766,True,,,,52.97,47.03,14.03,23.43,22.39,18.36,14.05,7.75,8.38,13.14,60.5,12.07,Paris,2014,1,LECOQ,Jean-Pierre,2190327.0
75056SR06,Paris 6eme secteur,F,LDVD,L'Alternative � Droite pour regagner Paris avec Charles Beigbeder,496,False,,,,52.97,47.03,14.03,23.43,22.39,18.36,14.05,7.75,8.38,13.14,60.5,12.07,Paris,2014,1,BAUD,Dominique,2190327.0
75056SR06,Paris 6eme secteur,F,LDVD,POUR LE 6�me AVANT TOUT,537,False,,,,52.97,47.03,14.03,23.43,22.39,18.36,14.05,7.75,8.38,13.14,60.5,12.07,Paris,2014,1,BERTRAND,Genevi�ve,2190327.0
75056SR06,Paris 6eme secteur,M,LFN,"PARIS CAPITALE DE LA FRANCE, AVEC WALLERAND DE SAINT JUST, SOUTENUE PAR LE FRONT NATIONAL ET LE RASSEMBLEMENT BLEU MARINE",708,False,,,,52.97,47.03,14.03,23.43,22.39,18.36,14.05,7.75,8.38,13.14,60.5,12.07,Paris,2014,1,COUTEAUX,Paul Marie,2190327.0
75056SR07,Paris 7eme secteur,M,LPG,Front de Gauche - A Paris Place au Peuple,198,False,,,,52.97,47.03,14.03,23.43,22.39,18.36,14.05,7.75,8.38,13.14,60.5,12.07,Paris,2014,1,PERCEBOIS,Bruno,2190327.0
75056SR07,Paris 7eme secteur,F,LUG,Anne HIDALGO Paris qui ose,3031,False,,,,52.97,47.03,14.03,23.43,22.39,18.36,14.05,7.75,8.38,13.14,60.5,12.07,Paris,2014,1,EDOU,Capucine,2190327.0
75056SR07,Paris 7eme secteur,M,LVEC,VIVRE MIEUX A PARIS LISTE SOUTENUE PAR EUROPE ECOLOGIE LES VERTS AVEC CHRISTOPHE NAJDOVSKI,546,False,,,,52.97,47.03,14.03,23.43,22.39,18.36,14.05,7.75,8.38,13.14,60.5,12.07,Paris,2014,1,BOURDEIX,Bernard,2190327.0
75056SR07,Paris 7eme secteur,F,LUD,Liste d'union UMP-UDI-MODEM avec NKM,7345,False,,,,52.97,47.03,14.03,23.43,22.39,18.36,14.05,7.75,8.38,13.14,60.5,12.07,Paris,2014,1,DATI,Rachida,2190327.0
75056SR07,Paris 7eme secteur,M,LDVD,AGIR POUR LE 7�me,1348,False,,,,52.97,47.03,14.03,23.43,22.39,18.36,14.05,7.75,8.38,13.14,60.5,12.07,Paris,2014,1,DUMONT,Michel,2190327.0
75056SR07,Paris 7eme secteur,F,LDVD,Paris s'�veille,651,False,,,,52.97,47.03,14.03,23.43,22.39,18.36,14.05,7.75,8.38,13.14,60.5,12.07,Paris,2014,1,HAMIDI,Dalila,2190327.0
75056SR07,Paris 7eme secteur,M,LDVD,J'AIME LE 7�me,3190,False,,,,52.97,47.03,14.03,23.43,22.39,18.36,14.05,7.75,8.38,13.14,60.5,12.07,Paris,2014,1,LE ROUX,Christian,2190327.0
75056SR07,Paris 7eme secteur,M,LDVD,PARIS LIBERE 7�me ARDT,535,False,,,,52.97,47.03,14.03,23.43,22.39,18.36,14.05,7.75,8.38,13.14,60.5,12.07,Paris,2014,1,MANDAT GRANCEY,Emmanuel,2190327.0
75056SR07,Paris 7eme secteur,F,LFN,"Paris capitale de la France, avec Wallerand de Saint Just, soutenue par le Front national et le rassemblement Bleu Marine",1066,False,,,,52.97,47.03,14.03,23.43,22.39,18.36,14.05,7.75,8.38,13.14,60.5,12.07,Paris,2014,1,DE LA BOURDONNAYE,Bernadette,2190327.0
75056SR08,Paris 8eme secteur,M,LPG,"Front de Gauche - A Paris, Place au peuple !",178,False,,,,52.97,47.03,14.03,23.43,22.39,18.36,14.05,7.75,8.38,13.14,60.5,12.07,Paris,2014,1,COMOY,Patrick,2190327.0
75056SR08,Paris 8eme secteur,F,LUG,Anne HIDALGO Paris Qui Ose,1944,False,,,,52.97,47.03,14.03,23.43,22.39,18.36,14.05,7.75,8.38,13.14,60.5,12.07,Paris,2014,1,BARLIS,Corine,2190327.0
75056SR08,Paris 8eme secteur,F,LVEC,"Vivre mieux � Paris, liste soutenue par Europe Ecologie - Les Verts, avec Christophe Najdovski",442,False,,,,52.97,47.03,14.03,23.43,22.39,18.36,14.05,7.75,8.38,13.14,60.5,12.07,Paris,2014,1,CARRE,Claire,2190327.0
75056SR08,Paris 8eme secteur,F,LDIV,Union Parisienne,488,False,,,,52.97,47.03,14.03,23.43,22.39,18.36,14.05,7.75,8.38,13.14,60.5,12.07,Paris,2014,1,STAMBOULI,Line,2190327.0
75056SR08,Paris 8eme secteur,F,LUD,Liste d'Union UMP-UDI-MODEM avec Nathalie KOSCIUSKO-MORIZET,5884,False,,,,52.97,47.03,14.03,23.43,22.39,18.36,14.05,7.75,8.38,13.14,60.5,12.07,Paris,2014,1,D'HAUTESERRE,Jeanne,2190327.0
75056SR08,Paris 8eme secteur,M,LDVD,Lib�rez le 8�me !,2432,False,,,,52.97,47.03,14.03,23.43,22.39,18.36,14.05,7.75,8.38,13.14,60.5,12.07,Paris,2014,1,BEIGBEDER,Charles,2190327.0
75056SR08,Paris 8eme secteur,M,LDVD,Rendre la vie � la ville dans le 8�me,652,False,,,,52.97,47.03,14.03,23.43,22.39,18.36,14.05,7.75,8.38,13.14,60.5,12.07,Paris,2014,1,DECELLE,Didier,2190327.0
75056SR08,Paris 8eme secteur,M,LFN,"Paris capitale de la France avec Wallerand de Saint Just, soutenue par le Front National et le rassemblement Bleu Marine",602,False,,,,52.97,47.03,14.03,23.43,22.39,18.36,14.05,7.75,8.38,13.14,60.5,12.07,Paris,2014,1,MAIREY,Jean,2190327.0
75056SR09,Paris 9eme secteur,F,LEXG,LUTTE OUVRIERE FAIRE ENTENDRE LE CAMP DES TRAVAILLEURS,120,False,,,,52.97,47.03,14.03,23.43,22.39,18.36,14.05,7.75,8.38,13.14,60.5,12.07,Paris,2014,1,JOLIVEAU,Charline,2190327.0
75056SR09,Paris 9eme secteur,M,LPG,"Front de Gauche - A Paris, place au peuple !",772,False,,,,52.97,47.03,14.03,23.43,22.39,18.36,14.05,7.75,8.38,13.14,60.5,12.07,Paris,2014,1,SCHNECKENBURGER,Beno�t,2190327.0
75056SR09,Paris 9eme secteur,F,LUG,Anne HIDALGO Paris qui ose,8125,False,,,,52.97,47.03,14.03,23.43,22.39,18.36,14.05,7.75,8.38,13.14,60.5,12.07,Paris,2014,1,VERON,Pauline,2190327.0
75056SR09,Paris 9eme secteur,M,LVEC,"Vivre mieux � Paris, liste soutenue par Europe Ecologie Les Verts, avec Christophe NAJDOVSKI",1663,False,,,,52.97,47.03,14.03,23.43,22.39,18.36,14.05,7.75,8.38,13.14,60.5,12.07,Paris,2014,1,SOREL,Jonathan,2190327.0
75056SR09,Paris 9eme secteur,F,LUD,Liste d'Union UMP-UDI-MODEM avec Nathalie KOSCIUSKO-MORIZET,8181,False,,,,52.97,47.03,14.03,23.43,22.39,18.36,14.05,7.75,8.38,13.14,60.5,12.07,Paris,2014,1,BURKLI,Delphine,2190327.0
75056SR09,Paris 9eme secteur,F,LDVD,PARIS LIBERE AVEC CHARLES BEIGBEDER,880,False,,,,52.97,47.03,14.03,23.43,22.39,18.36,14.05,7.75,8.38,13.14,60.5,12.07,Paris,2014,1,FELLOUS,Sandra,2190327.0
75056SR09,Paris 9eme secteur,F,LFN,"Paris capitale de la France, avec Wallerand de Saint Just, soutenue par le Front national et le Rassemblement Bleu Marine",1010,False,,,,52.97,47.03,14.03,23.43,22.39,18.36,14.05,7.75,8.38,13.14,60.5,12.07,Paris,2014,1,THIERRY,Annie,2190327.0
75056SR10,Paris 10eme secteur,M,LEXG,PARIS ANTICAPITALISTE,299,False,,,,52.97,47.03,14.03,23.43,22.39,18.36,14.05,7.75,8.38,13.14,60.5,12.07,Paris,2014,1,CHAPUIS,Matthieu,2190327.0
75056SR10,Paris 10eme secteur,M,LFN,"Paris capitale de la France, avec Wallerand de Saint Just, soutenue par le Front national et le Rassemblement Bleu Marine",1460,False,,,,52.97,47.03,14.03,23.43,22.39,18.36,14.05,7.75,8.38,13.14,60.5,12.07,Paris,2014,1,LE GARSMEUR,Luc,2190327.0
75056SR10,Paris 10eme secteur,M,LEXG,Lutte ouvri�re faire entendre le camp des travailleurs,164,False,,,,52.97,47.03,14.03,23.43,22.39,18.36,14.05,7.75,8.38,13.14,60.5,12.07,Paris,2014,1,TANGUY,Didier,2190327.0
75056SR10,Paris 10eme secteur,M,LPG,"FRONT DE GAUCHE - A Paris, place au peuple !",1730,False,,,,52.97,47.03,14.03,23.43,22.39,18.36,14.05,7.75,8.38,13.14,60.5,12.07,Paris,2014,1,ETIEVANT,Guillaume,2190327.0
75056SR10,Paris 10eme secteur,M,LUG,Anne HIDALGO Paris qui Ose,11973,False,,,,52.97,47.03,14.03,23.43,22.39,18.36,14.05,7.75,8.38,13.14,60.5,12.07,Paris,2014,1,FERAUD,R�mi,2190327.0
75056SR10,Paris 10eme secteur,F,LVEC,"Vivre Mieux � Paris Liste soutenue par Europe Ecologie - Les Verts, avec Christophe Najdovski",3102,False,,,,52.97,47.03,14.03,23.43,22.39,18.36,14.05,7.75,8.38,13.14,60.5,12.07,Paris,2014,1,SOUYRIS,Anne,2190327.0
75056SR10,Paris 10eme secteur,M,LDIV,Les pirates du dixi�me arrondissement de Paris,903,False,,,,52.97,47.03,14.03,23.43,22.39,18.36,14.05,7.75,8.38,13.14,60.5,12.07,Paris,2014,1,BEVORT,Antoine,2190327.0
75056SR10,Paris 10eme secteur,M,LDIV,UN AUTRE DELANOE EST POSSIBLE,256,False,,,,52.97,47.03,14.03,23.43,22.39,18.36,14.05,7.75,8.38,13.14,60.5,12.07,Paris,2014,1,DELANOE,Gaspard,2190327.0
75056SR10,Paris 10eme secteur,F,LUD,Liste d'Union UMP-UDI-MODEM avec Nathalie Kosciusko-Morizet,5798,False,,,,52.97,47.03,14.03,23.43,22.39,18.36,14.05,7.75,8.38,13.14,60.5,12.07,Paris,2014,1,PAWLIK,D�borah,2190327.0
75056SR10,Paris 10eme secteur,M,LDVD,Le 10�me peut changer ! Liste d'union de la droite et du centre pour le 10�me arrondissement avec Serge FEDERBUSCH,1308,False,,,,52.97,47.03,14.03,23.43,22.39,18.36,14.05,7.75,8.38,13.14,60.5,12.07,Paris,2014,1,FEDERBUSCH,Serge,2190327.0
75056SR11,Paris 11eme secteur,F,LEXG,LUTTE OUVRIERE FAIRE ENTENDRE LE CAMP DES TRAVAILLEURS,291,False,,,,52.97,47.03,14.03,23.43,22.39,18.36,14.05,7.75,8.38,13.14,60.5,12.07,Paris,2014,1,DUCAMP,Anne,2190327.0
75056SR11,Paris 11eme secteur,M,LEXG,PARIS ANTICAPITALISTE,608,False,,,,52.97,47.03,14.03,23.43,22.39,18.36,14.05,7.75,8.38,13.14,60.5,12.07,Paris,2014,1,REY,St�phane,2190327.0
75056SR11,Paris 11eme secteur,F,LPG,"Front de Gauche - A Paris, place au peuple !",2879,False,,,,52.97,47.03,14.03,23.43,22.39,18.36,14.05,7.75,8.38,13.14,60.5,12.07,Paris,2014,1,FRANCO,H�l�ne,2190327.0
75056SR11,Paris 11eme secteur,M,LUG,Anne HIDALGO Paris qui ose,20524,False,,,,52.97,47.03,14.03,23.43,22.39,18.36,14.05,7.75,8.38,13.14,60.5,12.07,Paris,2014,1,VAUGLIN,Fran�ois,2190327.0
75056SR11,Paris 11eme secteur,M,LDVG,Rassemblement r�publicain pour le 11�me avec le soutien de Georges SARRE et des forces vives de l'arrondissement,1442,False,,,,52.97,47.03,14.03,23.43,22.39,18.36,14.05,7.75,8.38,13.14,60.5,12.07,Paris,2014,1,BARRAULT,Jean-Marie,2190327.0
75056SR11,Paris 11eme secteur,F,LVEC,Vivre mieux � Paris soutenue par Europe Ecologie Les Verts avec Christophe Najdovski,5301,False,,,,52.97,47.03,14.03,23.43,22.39,18.36,14.05,7.75,8.38,13.14,60.5,12.07,Paris,2014,1,MOREL,Jo�lle,2190327.0
75056SR11,Paris 11eme secteur,M,LUD,Un nouveau souffle pour le 11� Union UMP-UDI-MODEM avec Nathalie Kosciusko-Morizet,12304,False,,,,52.97,47.03,14.03,23.43,22.39,18.36,14.05,7.75,8.38,13.14,60.5,12.07,Paris,2014,1,SAINT-ETIENNE,Christian,2190327.0
75056SR11,Paris 11eme secteur,M,LFN,"Paris capitale de la France, avec Wallerand de Saint Just, soutenue par le Front national et le rassemblement Bleu Marine",2512,False,,,,52.97,47.03,14.03,23.43,22.39,18.36,14.05,7.75,8.38,13.14,60.5,12.07,Paris,2014,1,DUSSAUSSAYE,Ga�tan,2190327.0
75056SR12,Paris 12eme secteur,M,LEXG,Lutte Ouvri�re Faire entendre le camp des travailleurs,276,False,,,,52.97,47.03,14.03,23.43,22.39,18.36,14.05,7.75,8.38,13.14,60.5,12.07,Paris,2014,1,MILLOT,Georges,2190327.0
75056SR12,Paris 12eme secteur,M,LEXG,PARIS ANTICAPITALISTE,430,False,,,,52.97,47.03,14.03,23.43,22.39,18.36,14.05,7.75,8.38,13.14,60.5,12.07,Paris,2014,1,ROUX,Yves,2190327.0
75056SR12,Paris 12eme secteur,M,LPG,"Front de Gauche - A Paris, Place au Peuple !",2678,False,,,,52.97,47.03,14.03,23.43,22.39,18.36,14.05,7.75,8.38,13.14,60.5,12.07,Paris,2014,1,CORBIERE,Alexis,2190327.0
75056SR12,Paris 12eme secteur,F,LUG,Anne HIDALGO Paris Qui Ose,18585,False,,,,52.97,47.03,14.03,23.43,22.39,18.36,14.05,7.75,8.38,13.14,60.5,12.07,Paris,2014,1,BARATTI-ELBAZ,Catherine,2190327.0
75056SR12,Paris 12eme secteur,M,LVEC,Vivre Mieux A Paris Liste soutenue par Europe Ecologie - Les Verts,5001,False,,,,52.97,47.03,14.03,23.43,22.39,18.36,14.05,7.75,8.38,13.14,60.5,12.07,Paris,2014,1,NAJDOVSKI,Christophe,2190327.0
75056SR12,Paris 12eme secteur,F,LUD,Liste d'Union UMP-UDI-MODEM avec Nathalie Kosciusko-Morizet,16569,False,,,,52.97,47.03,14.03,23.43,22.39,18.36,14.05,7.75,8.38,13.14,60.5,12.07,Paris,2014,1,MONTANDON,Val�rie,2190327.0
75056SR12,Paris 12eme secteur,M,LDVD,UNION POUR AGIR,2794,False,,,,52.97,47.03,14.03,23.43,22.39,18.36,14.05,7.75,8.38,13.14,60.5,12.07,Paris,2014,1,PERNIN,Beno�t,2190327.0
75056SR12,Paris 12eme secteur,M,LFN,"Paris Capitale de la France avec Wallerand de Saint Just, soutenue par le Front National et le Rassemblement Bleu Marine",3362,False,,,,52.97,47.03,14.03,23.43,22.39,18.36,14.05,7.75,8.38,13.14,60.5,12.07,Paris,2014,1,VAUGE,Christian,2190327.0
75056SR13,Paris 13eme secteur,F,LEXG,"Lutte ouvri�re, faire entendre le camp des travailleurs",442,False,,,,52.97,47.03,14.03,23.43,22.39,18.36,14.05,7.75,8.38,13.14,60.5,12.07,Paris,2014,1,BALLEYDIER,Claudette,2190327.0
75056SR13,Paris 13eme secteur,F,LFN,"Paris capitale de la France, avec Wallerand de Saint Just, soutenue par le Front national et le rassemblement Bleu Marine",4229,False,,,,52.97,47.03,14.03,23.43,22.39,18.36,14.05,7.75,8.38,13.14,60.5,12.07,Paris,2014,1,DUTHEIL DE LA ROCHERE,Marie-Am�lie,2190327.0
75056SR13,Paris 13eme secteur,M,LEXG,PARIS ANTICAPITALISTE,756,False,,,,52.97,47.03,14.03,23.43,22.39,18.36,14.05,7.75,8.38,13.14,60.5,12.07,Paris,2014,1,BIOJOUT,Guillaume,2190327.0
75056SR13,Paris 13eme secteur,M,LPG,"Front de Gauche: A Paris, Place au Peuple !",3326,False,,,,52.97,47.03,14.03,23.43,22.39,18.36,14.05,7.75,8.38,13.14,60.5,12.07,Paris,2014,1,COQUERET,Jean-Claude,2190327.0
75056SR13,Paris 13eme secteur,M,LUG,Anne HIDALGO Paris qui ose,25193,False,,,,52.97,47.03,14.03,23.43,22.39,18.36,14.05,7.75,8.38,13.14,60.5,12.07,Paris,2014,1,COUMET,J�r�me,2190327.0
75056SR13,Paris 13eme secteur,M,LDVG,Rassemblement citoyen et progressiste,600,False,,,,52.97,47.03,14.03,23.43,22.39,18.36,14.05,7.75,8.38,13.14,60.5,12.07,Paris,2014,1,MARTIN,Eric,2190327.0
75056SR13,Paris 13eme secteur,M,LVEC,"Vivre mieux � Paris, Liste soutenue par Europe Ecologie les Verts, avec Christophe NAJDOVSKI",5567,False,,,,52.97,47.03,14.03,23.43,22.39,18.36,14.05,7.75,8.38,13.14,60.5,12.07,Paris,2014,1,CONTASSOT,Yves,2190327.0
75056SR13,Paris 13eme secteur,M,LDIV,"TRES UNIS - Liste Locale, citoyenne et ind�pendante du 13�me",1416,False,,,,52.97,47.03,14.03,23.43,22.39,18.36,14.05,7.75,8.38,13.14,60.5,12.07,Paris,2014,1,MEYRUEY,Beno�t,2190327.0
75056SR13,Paris 13eme secteur,F,LUD,LISTE D'UNION UMP-UDI-MODEM AVEC NATHALIE KOSCIUSKO-MORIZET,14157,False,,,,52.97,47.03,14.03,23.43,22.39,18.36,14.05,7.75,8.38,13.14,60.5,12.07,Paris,2014,1,GALLOIS,Edith,2190327.0
75056SR13,Paris 13eme secteur,M,LDVD,Aurane Reihanian et Charles Beigbeder pour lib�rer le 13�me,984,False,,,,52.97,47.03,14.03,23.43,22.39,18.36,14.05,7.75,8.38,13.14,60.5,12.07,Paris,2014,1,REIHANIAN,Aurane,2190327.0
75056SR14,Paris 14eme secteur,M,LEXG,Lutte Ouvri�re Faire entendre le camp des travailleurs,314,False,,,,52.97,47.03,14.03,23.43,22.39,18.36,14.05,7.75,8.38,13.14,60.5,12.07,Paris,2014,1,VINCIGUERRA,Laurent,2190327.0
75056SR14,Paris 14eme secteur,F,LPG,"FRONT DE GAUCHE - A Paris, Place au peuple !",2489,False,,,,52.97,47.03,14.03,23.43,22.39,18.36,14.05,7.75,8.38,13.14,60.5,12.07,Paris,2014,1,CHAIBI,Le�la,2190327.0
75056SR14,Paris 14eme secteur,F,LUG,Anne HIDALGO Paris qui ose,17990,False,,,,52.97,47.03,14.03,23.43,22.39,18.36,14.05,7.75,8.38,13.14,60.5,12.07,Paris,2014,1,PETIT,Carine,2190327.0
75056SR14,Paris 14eme secteur,F,LVEC,"Vivre mieux dans le 14e, liste soutenue par Europe Ecologie Les Verts avec Christophe Najdovski",4168,False,,,,52.97,47.03,14.03,23.43,22.39,18.36,14.05,7.75,8.38,13.14,60.5,12.07,Paris,2014,1,BLAUEL,C�lia,2190327.0
75056SR14,Paris 14eme secteur,M,LDIV,Ensemble pour le 14�me,1346,False,,,,52.97,47.03,14.03,23.43,22.39,18.36,14.05,7.75,8.38,13.14,60.5,12.07,Paris,2014,1,MANSIER,Nicolas,2190327.0
75056SR14,Paris 14eme secteur,F,LUD,Liste d'Union UMP-UDI-MODEM avec Nathalie KOSCIUSKO-MORIZET,15717,False,,,,52.97,47.03,14.03,23.43,22.39,18.36,14.05,7.75,8.38,13.14,60.5,12.07,Paris,2014,1,KOSCIUSKO-MORIZET,Nathalie,2190327.0
75056SR14,Paris 14eme secteur,F,LDVD,100% 14e,2726,False,,,,52.97,47.03,14.03,23.43,22.39,18.36,14.05,7.75,8.38,13.14,60.5,12.07,Paris,2014,1,CARRERE-GEE,Marie-Claire,2190327.0
75056SR14,Paris 14eme secteur,F,LFN,Paris Capitale de la France avec Wallerand de Saint-Just soutenu par le Front national et le Rassemblement Bleu Marine,2727,False,,,,52.97,47.03,14.03,23.43,22.39,18.36,14.05,7.75,8.38,13.14,60.5,12.07,Paris,2014,1,LEOST,Thiphaine,2190327.0
75056SR15,Paris 15eme secteur,F,LPG,"FRONT DE GAUCHE - A Paris, Place au peuple !",2150,False,,,,52.97,47.03,14.03,23.43,22.39,18.36,14.05,7.75,8.38,13.14,60.5,12.07,Paris,2014,1,GIBOTEAU,Fran�oise,2190327.0
75056SR15,Paris 15eme secteur,F,LUG,Anne HIDALGO Paris qui ose,23336,False,,,,52.97,47.03,14.03,23.43,22.39,18.36,14.05,7.75,8.38,13.14,60.5,12.07,Paris,2014,1,HIDALGO,Anne,2190327.0
75056SR15,Paris 15eme secteur,M,LVEC,"VIVRE MIEUX A PARIS - Liste soutenue par Europe Ecologie Les Verts, avec Christophe Najdovski",3582,False,,,,52.97,47.03,14.03,23.43,22.39,18.36,14.05,7.75,8.38,13.14,60.5,12.07,Paris,2014,1,DUMESNIL,Jean-Luc,2190327.0
75056SR15,Paris 15eme secteur,M,LDIV,La seule liste 100% ind�pendante ! # Redynamisons notre 15,1205,False,,,,52.97,47.03,14.03,23.43,22.39,18.36,14.05,7.75,8.38,13.14,60.5,12.07,Paris,2014,1,RIPPERT,Julien,2190327.0
75056SR15,Paris 15eme secteur,M,LDIV,"PARIS 15, c'est nous !",2187,False,,,,52.97,47.03,14.03,23.43,22.39,18.36,14.05,7.75,8.38,13.14,60.5,12.07,Paris,2014,1,VIALLE,Bertrand,2190327.0
75056SR15,Paris 15eme secteur,M,LUD,Liste d'union UMP-UDI-MODEM avec NKM pour Paris et Philippe GOUJON votre maire dans le 15�me,38943,False,,,,52.97,47.03,14.03,23.43,22.39,18.36,14.05,7.75,8.38,13.14,60.5,12.07,Paris,2014,1,GOUJON,Philippe,2190327.0
75056SR15,Paris 15eme secteur,F,LDVD,PARIS LIBERE AVEC CHARLES BEIGBEDER (15�me),3728,False,,,,52.97,47.03,14.03,23.43,22.39,18.36,14.05,7.75,8.38,13.14,60.5,12.07,Paris,2014,1,POIRAULT-GAUVIN,G�raldine,2190327.0
75056SR15,Paris 15eme secteur,M,LFN,"Paris capitale de la France, avec Wallerand de Saint Just, soutenue par le Front national et le rassemblement Bleu Marine",5060,False,,,,52.97,47.03,14.03,23.43,22.39,18.36,14.05,7.75,8.38,13.14,60.5,12.07,Paris,2014,1,DE SAINT JUST,Wallerand,2190327.0
75056SR16,Paris 16eme secteur,M,LPG,"FRONT DE GAUCHE - A Paris, place au peuple !",497,False,,,,52.97,47.03,14.03,23.43,22.39,18.36,14.05,7.75,8.38,13.14,60.5,12.07,Paris,2014,1,GOMEZ,Lucas,2190327.0
75056SR16,Paris 16eme secteur,M,LUG,Anne HIDALGO Paris qui ose,6197,True,,,,52.97,47.03,14.03,23.43,22.39,18.36,14.05,7.75,8.38,13.14,60.5,12.07,Paris,2014,1,LAURET,Thomas,2190327.0
75056SR16,Paris 16eme secteur,M,LVEC,"Vivre mieux � Paris, liste soutenue par Europe Ecologie Les Verts, avec Christophe Najdovski",1103,False,,,,52.97,47.03,14.03,23.43,22.39,18.36,14.05,7.75,8.38,13.14,60.5,12.07,Paris,2014,1,OURBIH,Pascale,2190327.0
75056SR16,Paris 16eme secteur,M,LUD,Liste d'union UMP-UDI-MODEM avec Nathalie Kosciusko-Morizet,30100,True,,,,52.97,47.03,14.03,23.43,22.39,18.36,14.05,7.75,8.38,13.14,60.5,12.07,Paris,2014,1,GOASGUEN,Claude,2190327.0
75056SR16,Paris 16eme secteur,M,LDVD,ENSEMBLE CHOISISSONS LE 16�me,4445,False,,,,52.97,47.03,14.03,23.43,22.39,18.36,14.05,7.75,8.38,13.14,60.5,12.07,Paris,2014,1,ALPHAND,David,2190327.0
75056SR16,Paris 16eme secteur,F,LDVD,NOUS CITOYENS,2534,False,,,,52.97,47.03,14.03,23.43,22.39,18.36,14.05,7.75,8.38,13.14,60.5,12.07,Paris,2014,1,SACHS,Val�rie,2190327.0
75056SR16,Paris 16eme secteur,M,LFN,"Paris capitale de la France avec Wallerand de Saint Just, soutenue par le Front National et le rassemblement Bleu Marine",2865,False,,,,52.97,47.03,14.03,23.43,22.39,18.36,14.05,7.75,8.38,13.14,60.5,12.07,Paris,2014,1,DAVID,G�rard,2190327.0
75056SR17,Paris 17eme secteur,F,LEXG,Lutte Ouvri�re Faire entendre le camp des travailleurs,264,False,,,,52.97,47.03,14.03,23.43,22.39,18.36,14.05,7.75,8.38,13.14,60.5,12.07,Paris,2014,1,MARTY,Annick,2190327.0
75056SR17,Paris 17eme secteur,M,LPG,"Front de Gauche - A Paris, place au peuple !",1544,False,,,,52.97,47.03,14.03,23.43,22.39,18.36,14.05,7.75,8.38,13.14,60.5,12.07,Paris,2014,1,DUCHAUSSOY,Xavier,2190327.0
75056SR17,Paris 17eme secteur,F,LUG,Anne Hidalgo Paris qui ose,12727,True,,,,52.97,47.03,14.03,23.43,22.39,18.36,14.05,7.75,8.38,13.14,60.5,12.07,Paris,2014,1,LEPETIT,Annick,2190327.0
75056SR17,Paris 17eme secteur,F,LVEC,Vivre Mieux � Paris - Liste �cologiste et citoyenne soutenue par EELV avec Christophe NAJDOVSKI,3302,False,,,,52.97,47.03,14.03,23.43,22.39,18.36,14.05,7.75,8.38,13.14,60.5,12.07,Paris,2014,1,DELPECH,Pauline,2190327.0
75056SR17,Paris 17eme secteur,F,LUD,Liste d'union UMP-UDI-MODEM avec Nathalie KOSCIUSKO-MORIZET,26836,True,,,,52.97,47.03,14.03,23.43,22.39,18.36,14.05,7.75,8.38,13.14,60.5,12.07,Paris,2014,1,KUSTER,Brigitte,2190327.0
75056SR17,Paris 17eme secteur,M,LDVD,POUR UN 17EME ACTIF AVEC CHARLES BEIGBEDER,2221,False,,,,52.97,47.03,14.03,23.43,22.39,18.36,14.05,7.75,8.38,13.14,60.5,12.07,Paris,2014,1,REBAUD,Thomas,2190327.0
75056SR17,Paris 17eme secteur,M,LFN,Paris Capitale de la France avec Wallerand de Saint Just soutenue par le Front National et le Rassemblement Bleu Marine,3234,False,,,,52.97,47.03,14.03,23.43,22.39,18.36,14.05,7.75,8.38,13.14,60.5,12.07,Paris,2014,1,AUZOU,Patrick,2190327.0
75056SR18,Paris 18eme secteur,F,LEXG,Lutte Ouvri�re Faire entendre le camp des travailleurs,588,False,,,,52.97,47.03,14.03,23.43,22.39,18.36,14.05,7.75,8.38,13.14,60.5,12.07,Paris,2014,1,HANRYON,Dani�le,2190327.0
75056SR18,Paris 18eme secteur,F,LPG,"Front de Gauche - A Paris, Place au Peuple !",3668,False,,,,52.97,47.03,14.03,23.43,22.39,18.36,14.05,7.75,8.38,13.14,60.5,12.07,Paris,2014,1,ATALA,Dani�le,2190327.0
75056SR18,Paris 18eme secteur,M,LUG,Anne HIDALGO PARIS QUI OSE,20338,False,,,,52.97,47.03,14.03,23.43,22.39,18.36,14.05,7.75,8.38,13.14,60.5,12.07,Paris,2014,1,LEJOINDRE,Eric,2190327.0
75056SR18,Paris 18eme secteur,M,LVEC,"VIVRE MIEUX A PARIS, LISTE SOUTENUE PAR EUROPE ECOLOGIE-LES VERTS",6457,False,,,,52.97,47.03,14.03,23.43,22.39,18.36,14.05,7.75,8.38,13.14,60.5,12.07,Paris,2014,1,JULIEN,Pascal,2190327.0
75056SR18,Paris 18eme secteur,M,LDIV,Pari citoyen pour Paris 18,947,False,,,,52.97,47.03,14.03,23.43,22.39,18.36,14.05,7.75,8.38,13.14,60.5,12.07,Paris,2014,1,SAUTON,Claude,2190327.0
75056SR18,Paris 18eme secteur,M,LUD,Liste d'Union UMP-UDI-MODEM avec NKM et Pierre-Yves BOURNAZEL,12879,False,,,,52.97,47.03,14.03,23.43,22.39,18.36,14.05,7.75,8.38,13.14,60.5,12.07,Paris,2014,1,BOURNAZEL,Pierre-Yves,2190327.0
75056SR18,Paris 18eme secteur,F,LDVD,LE 18�me AU COEUR,1850,False,,,,52.97,47.03,14.03,23.43,22.39,18.36,14.05,7.75,8.38,13.14,60.5,12.07,Paris,2014,1,DECORTE,Roxane,2190327.0
75056SR18,Paris 18eme secteur,M,LDVD,Le 18�me Evidemment,842,False,,,,52.97,47.03,14.03,23.43,22.39,18.36,14.05,7.75,8.38,13.14,60.5,12.07,Paris,2014,1,PIERRE-BLOCH,David,2190327.0
75056SR18,Paris 18eme secteur,M,LFN,"Paris capitale de la France, avec Wallerand de Saint Just, soutenue par le Front national et le rassemblement Bleu Marine",3460,False,,,,52.97,47.03,14.03,23.43,22.39,18.36,14.05,7.75,8.38,13.14,60.5,12.07,Paris,2014,1,MARTEL,Philippe,2190327.0
75056SR19,Paris 19eme secteur,F,LEXG,PARIS ANTICAPITALISTE,797,False,,,,52.97,47.03,14.03,23.43,22.39,18.36,14.05,7.75,8.38,13.14,60.5,12.07,Paris,2014,1,GUIGA,Wafa,2190327.0
75056SR19,Paris 19eme secteur,F,LEXG,Lutte Ouvri�re Faire entendre le camp des travailleurs,486,False,,,,52.97,47.03,14.03,23.43,22.39,18.36,14.05,7.75,8.38,13.14,60.5,12.07,Paris,2014,1,PODGORNY,Marina,2190327.0
75056SR19,Paris 19eme secteur,F,LPG,"Front de Gauche - A Paris, Place au Peuple !",3295,False,,,,52.97,47.03,14.03,23.43,22.39,18.36,14.05,7.75,8.38,13.14,60.5,12.07,Paris,2014,1,HAYES,Ingrid,2190327.0
75056SR19,Paris 19eme secteur,M,LUG,Anne HIDALGO Paris qui ose,19533,False,,,,52.97,47.03,14.03,23.43,22.39,18.36,14.05,7.75,8.38,13.14,60.5,12.07,Paris,2014,1,DAGNAUD,Fran�ois,2190327.0
75056SR19,Paris 19eme secteur,M,LVEC,Vivre mieux � Paris Liste soutenue par Europe Ecologie- les Verts avec Christophe NAJDOVSKI,5956,False,,,,52.97,47.03,14.03,23.43,22.39,18.36,14.05,7.75,8.38,13.14,60.5,12.07,Paris,2014,1,JOMIER,Bernard,2190327.0
75056SR19,Paris 19eme secteur,M,LUD,Union UMP-UDI-MODEM avec Nathalie KOSCIUSKO-MORIZET,11932,False,,,,52.97,47.03,14.03,23.43,22.39,18.36,14.05,7.75,8.38,13.14,60.5,12.07,Paris,2014,1,GIANNESINI,Jean-Jacques,2190327.0
75056SR19,Paris 19eme secteur,M,LDVD,Paris lib�r� 19�me,630,False,,,,52.97,47.03,14.03,23.43,22.39,18.36,14.05,7.75,8.38,13.14,60.5,12.07,Paris,2014,1,DIAWARA,Soul�,2190327.0
75056SR19,Paris 19eme secteur,M,LFN,"Paris capitale de la France, avec Wallerand de Saint Just, soutenue par le Front national et le Rassemblement Bleu Marine",3678,False,,,,52.97,47.03,14.03,23.43,22.39,18.36,14.05,7.75,8.38,13.14,60.5,12.07,Paris,2014,1,BULTE,Michel,2190327.0
75056SR20,Paris 20eme secteur,F,LEXG,Lutte Ouvri�re Faire entendre le camp des travailleurs,436,False,,,,52.97,47.03,14.03,23.43,22.39,18.36,14.05,7.75,8.38,13.14,60.5,12.07,Paris,2014,1,BOULINIER,Laurence,2190327.0
75056SR20,Paris 20eme secteur,F,LDVD,Paris Lib�r� - 100% 20�me - Droite SARKOZYSTE,1217,False,,,,52.97,47.03,14.03,23.43,22.39,18.36,14.05,7.75,8.38,13.14,60.5,12.07,Paris,2014,1,CERUTTI,Ariane,2190327.0
75056SR20,Paris 20eme secteur,M,LFN,Paris capitale de la France avec Wallerand de Saint Just soutenue par le Front national et le rassemblement Bleu Marine,4112,False,,,,52.97,47.03,14.03,23.43,22.39,18.36,14.05,7.75,8.38,13.14,60.5,12.07,Paris,2014,1,CHABAILLE,Jean-Louis,2190327.0
75056SR20,Paris 20eme secteur,F,LEXG,PARIS ANTICAPITALISTE,749,False,,,,52.97,47.03,14.03,23.43,22.39,18.36,14.05,7.75,8.38,13.14,60.5,12.07,Paris,2014,1,DUGGAN,Penelope,2190327.0
75056SR20,Paris 20eme secteur,F,LPG,"FRONT DE GAUCHE - A Paris, place au peuple !",5692,False,,,,52.97,47.03,14.03,23.43,22.39,18.36,14.05,7.75,8.38,13.14,60.5,12.07,Paris,2014,1,SIMONNET,Danielle,2190327.0
75056SR20,Paris 20eme secteur,F,LUG,Anne Hidalgo Paris qui ose,20502,False,,,,52.97,47.03,14.03,23.43,22.39,18.36,14.05,7.75,8.38,13.14,60.5,12.07,Paris,2014,1,CALANDRA,Fr�d�rique,2190327.0
75056SR20,Paris 20eme secteur,M,LDVG,"LA FABRIQUE DU 20�me, liste de la Gauche, de l'Ecologie et des Citoyens Engag�s",4350,False,,,,52.97,47.03,14.03,23.43,22.39,18.36,14.05,7.75,8.38,13.14,60.5,12.07,Paris,2014,1,CHARZAT,Michel,2190327.0
75056SR20,Paris 20eme secteur,F,LDVG,MOBILISATION CITOYENNE,451,False,,,,52.97,47.03,14.03,23.43,22.39,18.36,14.05,7.75,8.38,13.14,60.5,12.07,Paris,2014,1,SADENG,Naomi,2190327.0
75056SR20,Paris 20eme secteur,F,LVEC,L'�cologie dans le 20�me - liste Europe Ecologie - Les Verts avec Christophe Najdovski,5990,False,,,,52.97,47.03,14.03,23.43,22.39,18.36,14.05,7.75,8.38,13.14,60.5,12.07,Paris,2014,1,GUHL,Antoinette,2190327.0
75056SR20,Paris 20eme secteur,M,LUDI,Le 20�me r�publicain et citoyen,1843,False,,,,52.97,47.03,14.03,23.43,22.39,18.36,14.05,7.75,8.38,13.14,60.5,12.07,Paris,2014,1,DELAMARE,Raoul,2190327.0
75056SR20,Paris 20eme secteur,M,LUMP,LISTE D'UNION UMP-MODEM avec NATHALIE KOSCIUSKO-MORIZET,9624,False,,,,52.97,47.03,14.03,23.43,22.39,18.36,14.05,7.75,8.38,13.14,60.5,12.07,Paris,2014,1,PERIFAN,Atanase,2190327.0
